Museum,Region,Regional_Unit,Place_ID,Google_Maps_URL,Name_Found,Address,Rating,Ratings_Total,Lat,Lng,Geo_Status
Αρχαιολογικό Μουσείο Αγρινίου,Δυτικής Ελλάδας,Αιτωλοακαρνανίας,ChIJP4IXLHKKXhMR5Hi79o3wOJw,https://www.google.com/maps/place/?q=place_id:ChIJP4IXLHKKXhMR5Hi79o3wOJw,Papastratos Archaeological Museum,"Kazantzaki 2, Agrinio 301 31, Greece",4.0,92,38.630542,21.409242,ok
Αρχαιολογικό Μουσείο Θέρμου,Δυτικής Ελλάδας,Αιτωλοακαρνανίας,ChIJ5fzZefdXXhMRr36JkAXscFw,https://www.google.com/maps/place/?q=place_id:ChIJ5fzZefdXXhMRr36JkAXscFw,Archaeological Museum of Thermos,"ΣΩΤΗΡΙΑΔΗ - Κ.ΡΩΜΑΙΟΥ, Γ, Thermo 300 08, Greece",4.7,232,38.562264,21.669176,ok
Αρχαιολογικό Μουσείο Θυρρείου,Δυτικής Ελλάδας,Αιτωλοακαρνανίας,ChIJGefTj1kvXBMR7kPuJk-YcOg,https://www.google.com/maps/place/?q=place_id:ChIJGefTj1kvXBMR7kPuJk-YcOg,Archaeological Museum of Thyrreio,"Θύριο 300 02, Greece",4.3,64,38.858916,20.984359,ok
Ξενοκράτειο Αρ.Μουσείο Ιεράς Πόλεως Μεσολογγίου,Δυτικής Ελλάδας,Αιτωλοακαρνανίας,ChIJT-J9V6trXhMR4xU7S6PXiT8,https://www.google.com/maps/place/?q=place_id:ChIJT-J9V6trXhMR4xU7S6PXiT8,Xenokrateion Archaeological Museum of Messolonghi,"Asimaki Fotila 2, Missolonghi 302 00, Greece",4.9,330,38.370077,21.427626,ok
Αρχαιολογικό Μουσείο Άργους,Πελοποννήσου,Αργολίδας,ChIJkQnSWiX7nxQRrhPKxpVyL-0,https://www.google.com/maps/place/?q=place_id:ChIJkQnSWiX7nxQRrhPKxpVyL-0,Αρχαιολογικό Μουσείο Άργους,"Vasilissis Olgas, Argos 212 32, Greece",3.5,79,37.634481,22.726887,ok
Βυζαντινό Μουσείο Αργολίδας,Πελοποννήσου,Αργολίδας,ChIJo9Epkfz7nxQRJOwfuI-MWHg,https://www.google.com/maps/place/?q=place_id:ChIJo9Epkfz7nxQRJOwfuI-MWHg,Byzantine Museum of Argolis - BYMA,"Στρατώνες Καποδίστρια, Argos 212 00, Greece",4.6,385,37.635025,22.725312,ok
Αρχαιολογικό Μουσείο Ναυπλίου,Πελοποννήσου,Αργολίδας,ChIJhzX4o5f6nxQRwBA--voKkP8,https://www.google.com/maps/place/?q=place_id:ChIJhzX4o5f6nxQRwBA--voKkP8,Archaeological Museum of Nafplio,"Πλατεία Συντάγματος, Nafplio 231 00, Greece",4.7,1599,37.56611,22.796277,ok
Αρχαιολογικό Μουσείο Άστρους,Πελοποννήσου,Αρκαδίας,ChIJKaRVUVDnnxQREZWcFbyLyTo,https://www.google.com/maps/place/?q=place_id:ChIJKaRVUVDnnxQREZWcFbyLyTo,Archaeological Museum of Astros,"North Kynouria 220 01, Greece",3.8,45,37.406757,22.721053,ok
Συλλογή Αρχ/κή Δημητσάνας,Πελοποννήσου,Αρκαδίας,ChIJ5_Kb8ydmYBMRpap5CE8vY6o,https://www.google.com/maps/place/?q=place_id:ChIJ5_Kb8ydmYBMRpap5CE8vY6o,Open-Air Water Power Museum,"Κεφαλάρι Αϊ-Γιάννη, 220 07, Greece",4.7,4646,37.583144,22.047053,ok
Αρχαιολογικό Μουσείο Τεγέας,Πελοποννήσου,Αρκαδίας,ChIJu4UnDDo9YBMRRLRMxV0btx0,https://www.google.com/maps/place/?q=place_id:ChIJu4UnDDo9YBMRRLRMxV0btx0,Archaeological Museum of Tegea,"Αλέα, Τεγέας, Tegea 220 12, Greece",4.8,395,37.454113,22.420576,ok
Αρχαιολογικό Μουσείο Τρίπολης,Πελοποννήσου,Αρκαδίας,ChIJDT855vgWYBMRie9-WWoMuBw,https://www.google.com/maps/place/?q=place_id:ChIJDT855vgWYBMRie9-WWoMuBw,Archaeological Museum of Tripoli,"Spiliopoulou 2, Tripoli 221 00, Greece",4.2,148,37.508992,22.37399,ok
Αρχαιολογικό Μουσείο Άρτας,Ηπείρου,Άρτας,ChIJjekymHMbXBMRqBkvY7GJoCM,https://www.google.com/maps/place/?q=place_id:ChIJjekymHMbXBMRqBkvY7GJoCM,Archaeological Museum of Arta,"Trigono, Arta 471 00, Greece",4.6,847,39.149157,20.979487,ok
Ιερός ναός Παναγίας της Παρηγορήτισσας,Ηπείρου,Άρτας,ChIJTUip2GgbXBMRJ-4KRW2Upn4,https://www.google.com/maps/place/?q=place_id:ChIJTUip2GgbXBMRJ-4KRW2Upn4,Holy Church of the Virgin Mary Paregoretissa,"Parigoritras 3, Arta 471 00, Greece",4.7,412,39.158818,20.983339,ok
Μουσείο Ακρόπολης,Αττικής,Αττικής,ChIJ4eRGPxe9oRQRPAoBLGq0D7A,https://www.google.com/maps/place/?q=place_id:ChIJ4eRGPxe9oRQRPAoBLGq0D7A,Acropolis Museum,"Dionysiou Areopagitou 15, Athina 117 42, Greece",4.7,80463,37.96845,23.728523,ok
Αρχαιολογικό Μουσείο Κυθήρων,Αττικής,Αττικής,ChIJtbGN4s7pnRQRu1G9oNDGufQ,https://www.google.com/maps/place/?q=place_id:ChIJtbGN4s7pnRQRu1G9oNDGufQ,Archaeological Museum of Kythera,"Epar.Od. kythiron, Kithira 801 00, Greece",4.6,356,36.151042,22.985376,ok
Αρχαιολογικό Μουσείο Πειραιά,Αττικής,Αττικής,ChIJAcEyV-e7oRQR18uG6r85_vs,https://www.google.com/maps/place/?q=place_id:ChIJAcEyV-e7oRQR18uG6r85_vs,Archaeological Museum of Piraeus,"Char. Trikoupi 31, Pireas 185 36, Greece",4.6,1737,37.937155,23.644065,ok
Βυζαντινό και Χριστιανικό Μουσείο Αθηνών,Αττικής,Αττικής,ChIJES0SOUG9oRQRPJMyejC41c8,https://www.google.com/maps/place/?q=place_id:ChIJES0SOUG9oRQRPJMyejC41c8,Byzantine & Christian Museum,"Leof. Vasilissis Sofias 22, Athina 106 75, Greece",4.6,4860,37.975313,23.744628,ok
Βυζαντινό Μουσείο Κυθήρων,Αττικής,Αττικής,ChIJtbGN4s7pnRQRu1G9oNDGufQ,https://www.google.com/maps/place/?q=place_id:ChIJtbGN4s7pnRQRu1G9oNDGufQ,Archaeological Museum of Kythera,"Epar.Od. kythiron, Kithira 801 00, Greece",4.6,356,36.151042,22.985376,ok
Εθνική Πινακοθήκη - Μουσείο Αλ. Σούτζου,Αττικής,Αττικής,ChIJsbZO7ES9oRQRJIl9aIo_xJY,https://www.google.com/maps/place/?q=place_id:ChIJsbZO7ES9oRQRJIl9aIo_xJY,National Gallery - Alexandros Soutsos Museum,"Leof. Vasileos Konstantinou 50, Athina 115 25, Greece",4.6,5779,37.975621,23.749359,ok
Εθνικό Αρχαιολογικό Μουσείο Αθηνών,Αττικής,Αττικής,ChIJi_3FvzO9oRQRtILLqjSdogI,https://www.google.com/maps/place/?q=place_id:ChIJi_3FvzO9oRQRtILLqjSdogI,National Archaeological Museum,"28is Oktovriou 44, Athina 106 82, Greece",4.6,36972,37.989023,23.73276,ok
Εθνικό Ιστορικό Μουσείο,Αττικής,Αττικής,ChIJV4G4-Tu9oRQRGMYr8VrDqVM,https://www.google.com/maps/place/?q=place_id:ChIJV4G4-Tu9oRQRGMYr8VrDqVM,National Historical Museum - Old Parliament House,"ΜΕΓΑΡΟ ΠΑΛΑΙΑΣ ΒΟΥΛΗΣ ΠΛΑΤΕΙΑ ΚΟΛΟΚΟΤΡΩΝΗ, Stadiou 13, Athina 105 61, Greece",4.7,4611,37.977884,23.732881,ok
Ελληνικής Λαϊκής Τέχνης ( Τζαμί Τζισταράκη),Αττικής,Αττικής,ChIJ32xp6CK9oRQRT_pvMImX4fE,https://www.google.com/maps/place/?q=place_id:ChIJ32xp6CK9oRQRT_pvMImX4fE,Museum of Modern Greek Culture (Tzistarakis Mosque),"Areos 10, Athina 105 55, Greece",4.4,639,37.975882,23.725878,ok
Επιγραφικό Αθηνών,Αττικής,Αττικής,ChIJt9f6N1y9oRQRBu3VvLfVpyQ,https://www.google.com/maps/place/?q=place_id:ChIJt9f6N1y9oRQRBu3VvLfVpyQ,Epigraphic Museum,"Tositsa 1, Athina 106 82, Greece",4.7,383,37.988657,23.732292,ok
Μουσείο Παύλου και Αλεξάνδρας Κανελλοπούλου,Αττικής,Αττικής,ChIJAYDhQRi9oRQRd78zEPxtUYo,https://www.google.com/maps/place/?q=place_id:ChIJAYDhQRi9oRQRd78zEPxtUYo,Paul and Alexandra Canellopoulos Museum,"Theorias 12, Athina 105 58, Greece",4.6,185,37.972918,23.726043,ok
Αρχαιολογικό Μουσείο Λαυρίου,Αττικής,Αττικής,ChIJMfdHb3n0oRQR25AXRx0ONyY,https://www.google.com/maps/place/?q=place_id:ChIJMfdHb3n0oRQR25AXRx0ONyY,Archaeological Museum of Lavrion,"Laurium 195 00, Greece",4.4,322,37.716828,24.053912,ok
Αρχαιολογικό Μουσείο Μεγάρων,Αττικής,Αττικής,ChIJXaS4JYNMoBQRjaHWojpwtxQ,https://www.google.com/maps/place/?q=place_id:ChIJXaS4JYNMoBQRjaHWojpwtxQ,Archaeological Museum of Megara,"Menidiati 48, Megara 191 00, Greece",4.5,173,37.997262,23.345766,ok
Μονή Δαφνίου,Αττικής,Αττικής,ChIJSZwR6PiXoRQRJwQWVBCdcQA,https://www.google.com/maps/place/?q=place_id:ChIJSZwR6PiXoRQRJwQWVBCdcQA,Holy Monastery of Daphni,"Iera Odos, Chaidari 124 61, Greece",4.7,1309,38.012997,23.635884,ok
Μονή Καισαριανής,Αττικής,Αττικής,ChIJkXWXEk69oRQRlY9w4G7LJYU,https://www.google.com/maps/place/?q=place_id:ChIJkXWXEk69oRQRlY9w4G7LJYU,Kaisariani Monastery,"Kaisariani 161 22, Greece",4.7,1901,37.960855,23.798165,ok
 Αρχαιολογικό Μουσείο Βραυρώνας,Αττικής,Αττικής,ChIJUdg96pyPoRQRgtAFiO_H_mo,https://www.google.com/maps/place/?q=place_id:ChIJUdg96pyPoRQRgtAFiO_H_mo,Archaeological Museum of Brauron,"Βραυρώνα 190 03, Greece",4.7,1185,37.924578,23.997054,ok
Μουσείο Ελληνικών Λαϊκών Μουσικών Οργάνων - Φοίβος Ανωγειαννάκης,Αττικής,Αττικής,ChIJAfx7Uj29oRQRqa0Nmtv-kgs,https://www.google.com/maps/place/?q=place_id:ChIJAfx7Uj29oRQRqa0Nmtv-kgs,"Museum of Greek Folk Musical Instruments ""Fivos Anoyanakis"" - Centre for Ethnomusicology","Diogenous 1-3, Athina 105 56, Greece",4.6,539,37.974453,23.727692,ok
Μουσείο Λουτρό Αέρηδων,Αττικής,Αττικής,ChIJvwDLVz29oRQRy_cl5_erWx8,https://www.google.com/maps/place/?q=place_id:ChIJvwDLVz29oRQRy_cl5_erWx8,Bathhouse of the Winds (Museum of Modern Greek Culture),"Kyrristou 8, Athina 105 56, Greece",4.4,209,37.973876,23.727795,ok
Αρχαιολογικό Μουσείο Μαραθώνα,Αττικής,Αττικής,ChIJvV10aB54oRQRBXGZ6YXHUL8,https://www.google.com/maps/place/?q=place_id:ChIJvV10aB54oRQRBXGZ6YXHUL8,Archaeological Museum of Marathon,"Vranas 190 07, Greece",4.5,917,38.121941,23.946614,ok
Μουσείο Νεότερου Ελληνικού Πολιτισμού (Ελληνικής Λαϊκής Τέχνης ),Αττικής,Αττικής,ChIJUbHPjyK9oRQRS7iOqx0wCEQ,https://www.google.com/maps/place/?q=place_id:ChIJUbHPjyK9oRQRS7iOqx0wCEQ,Museum of Modern Greek Culture (Temporary Exhibitions building),"Kladou 9, Athina 105 55, Greece",4.5,43,37.975006,23.724733,ok
Αρχαιολογικό Μουσείο Πόρου,Αττικής,Αττικής,ChIJe3sM8bd-nxQR8nm5lhbLc3g,https://www.google.com/maps/place/?q=place_id:ChIJe3sM8bd-nxQR8nm5lhbLc3g,Poros Archaeological Museum,"Πόρος 180 20, Greece",4.3,281,37.498437,23.454701,ok
"Μουσείου Έκθεση "" Άνθρωποι και Εργαλεία"" ΜΝΕΠ",Αττικής,Αττικής,ChIJ43RIbBi9oRQRg92gOesXEI8,https://www.google.com/maps/place/?q=place_id:ChIJ43RIbBi9oRQRg92gOesXEI8,Man and Tools - Museum of Modern Greek Culture,"Panos 22, Athina 105 55, Greece",4.4,47,37.973304,23.725813,ok
Μουσείο Μπενάκη,Αττικής,Αττικής,ChIJdV48s0C9oRQRcDJK4TBpks8,https://www.google.com/maps/place/?q=place_id:ChIJdV48s0C9oRQRcDJK4TBpks8,Benaki Museum,"Koumpari 1, Athina 106 74, Greece",4.7,7594,37.975952,23.740446,ok
Νομισματικό Μουσείο,Αττικής,Αττικής,ChIJ4bw77jO9oRQRt2wgeXDhZLk,https://www.google.com/maps/place/?q=place_id:ChIJ4bw77jO9oRQRt2wgeXDhZLk,Numismatic Museum of Athens,"Ιλίου Μέλαθρον, Ελ. Βενιζέλου, Panepistimiou 12, 10671, Athina, Greece",4.6,2268,37.977812,23.735332,ok
Αρχαιολογικό Μουσείο Σαλαμίνας,Αττικής,Αττικής,ChIJl5nNsLK2oRQRtcZaauDcn0A,https://www.google.com/maps/place/?q=place_id:ChIJl5nNsLK2oRQRtcZaauDcn0A,Archaeological Museum of Salamis,"Lempesi 42, Salamina 189 00, Greece",4.7,338,37.963336,23.490459,ok
Μουσείο Σπετσών,Αττικής,Αττικής,ChIJucsKy_y8nxQR5NXIbq_AFxw,https://www.google.com/maps/place/?q=place_id:ChIJucsKy_y8nxQR5NXIbq_AFxw,Museum of Spetses,"Ντάπια,, 180 50, Greece",4.4,462,37.264355,23.155934,ok
Αρχαιολογικό Μουσείο Αιγίου,Δυτικής Ελλάδας,Αχαΐας,ChIJyw4LoCm6XxMRH1f_j2fKNOE,https://www.google.com/maps/place/?q=place_id:ChIJyw4LoCm6XxMRH1f_j2fKNOE,Archaeological Museum of Aigion,"Aigio 251 00, Greece",4.6,133,38.252667,22.087814,ok
Αρχαιολογικό Μουσείο Πατρών,Δυτικής Ελλάδας,Αχαΐας,ChIJ5Y335sFJXhMRB5em4XU-hy8,https://www.google.com/maps/place/?q=place_id:ChIJ5Y335sFJXhMRB5em4XU-hy8,Archaeological Museum of Patras,"Νέα Εθνική Οδός Πατρών-Αθηνών 38-40 New National Road Patras-Athens 38-40, Patra 264 42, Greece",4.7,2059,38.263339,21.752011,ok
Αρχαιολογική συλλογή Διστόμου,Στερεάς Ελλάδας,Βοιωτίας,ChIJ0WEWugmBoBQRi4M3wMv3kjY,https://www.google.com/maps/place/?q=place_id:ChIJ0WEWugmBoBQRi4M3wMv3kjY,Distomo Archaeological Collection,"Πλατεία Δ Γαμβρίλη, Distomo 320 05, Greece",4.7,59,38.429288,22.667956,ok
Αρχαιολογικό Μουσείο Σχηματαρίου,Στερεάς Ελλάδας,Βοιωτίας,ChIJ8-EmzwMQoRQR2EhyrDbeGS8,https://www.google.com/maps/place/?q=place_id:ChIJ8-EmzwMQoRQR2EhyrDbeGS8,Archaeological Museum of Schimatari,"Tanagras 38, Schimatari 320 09, Greece",4.5,56,38.347632,23.579889,ok
Αρχαιολογικό Μουσείο Χαιρώνειας,Στερεάς Ελλάδας,Βοιωτίας,ChIJuXVkLdqPoBQRb9SAT7BmNhY,https://www.google.com/maps/place/?q=place_id:ChIJuXVkLdqPoBQRb9SAT7BmNhY,Archaeological Museum of Chaeronea,"Chaeronea 321 00, Greece",4.7,141,38.494796,22.847563,ok
Αρχαιολογικό Μουσείο Θηβών,Στερεάς Ελλάδας,Βοιωτίας,ChIJP3w5-SP8oBQRzirNgtT1f74,https://www.google.com/maps/place/?q=place_id:ChIJP3w5-SP8oBQRzirNgtT1f74,Archaeological Museum of Thebes,"Θρεψιάδου 1, Thiva 322 00, Greece",4.8,2115,38.323784,23.317121,ok
Ιερά Μονή Οσίου Λουκά,Στερεάς Ελλάδας,Βοιωτίας,ChIJnx1p-RyHoBQRWrMtVuxPfRU,https://www.google.com/maps/place/?q=place_id:ChIJnx1p-RyHoBQRWrMtVuxPfRU,Holy Monastery of Hosios Loukas,"Steiri 321 00, Greece",4.8,4207,38.395249,22.746411,ok
Μονή Κοιμήσεως Θεοτόκου,Δυτικής Μακεδονίας,Γρεβενών,ChIJMfhINwCXWRMRZCH_3ymbNM4,https://www.google.com/maps/place/?q=place_id:ChIJMfhINwCXWRMRZCH_3ymbNM4,Ιερά Μητρόπολις Γρεβενών,"Evaggelistrias 22, Grevena 511 00, Greece",4.7,53,40.084785,21.425265,ok
Αρχαιολογικό Μουσείο Δράμας,Ανατολικής Μακεδονίας – Θράκης,Δράμας,ChIJieg6xSxVqRQRx0ownF6JELo,https://www.google.com/maps/place/?q=place_id:ChIJieg6xSxVqRQRx0ownF6JELo,Archaeological Museum of Drama,"Archaeological Museum, Πατριάρχου Διονυσίου 2, Drama 661 00, Greece",4.7,404,41.147913,24.143207,ok
Αρχαιολογικό Μουσείο Καρπάθου,Νοτίου Αιγαίου,Δωδεκανήσου,ChIJEWy0aHcDlBQR4HgjU5hec0Y,https://www.google.com/maps/place/?q=place_id:ChIJEWy0aHcDlBQR4HgjU5hec0Y,Archaeological Museum of Karpathos,"Unnamed Road, 857 00, Greece",4.1,94,35.508663,27.211481,ok
Αρχαιολογικό Μουσείο Καστελορίζου,Νοτίου Αιγαίου,Δωδεκανήσου,ChIJC46JP3LXwRQR8oZOn05d08U,https://www.google.com/maps/place/?q=place_id:ChIJC46JP3LXwRQR8oZOn05d08U,Archaeological museum of Kastellorizo,"Kastellorizo 851 11, Greece",4.4,62,36.151563,29.593548,ok
Αρχαιολογικό Μουσείο Νισύρου,Νοτίου Αιγαίου,Δωδεκανήσου,ChIJMbZBoIn9lRQRmx41qgNoJl4,https://www.google.com/maps/place/?q=place_id:ChIJMbZBoIn9lRQRmx41qgNoJl4,Archaeological Museum of Nisyros,"Nisyros 853 03, Greece",4.6,207,36.61236,27.13337,ok
Αρχοντικό Νικολαΐδη ( Πάτμος ),Νοτίου Αιγαίου,Δωδεκανήσου,ChIJ5-bMAFKkvRQRoCncf0-d4wA,https://www.google.com/maps/place/?q=place_id:ChIJ5-bMAFKkvRQRoCncf0-d4wA,Nikolaidis Mansion,"Patmos 855 00, Greece",4.5,13,37.308661,26.549314,ok
Αρχαιολογικό Μουσείο Αστυπάλαιας,Νοτίου Αιγαίου,Δωδεκανήσου,ChIJp9k-kki0lxQRq1DvmSOmJE4,https://www.google.com/maps/place/?q=place_id:ChIJp9k-kki0lxQRq1DvmSOmJE4,Archaeological Museum of Astypalaia,"Astypalaia 859 00, Greece",4.5,97,36.548649,26.35239,ok
"Διαχρ.Αρχαιολ."" Κονάκι '' ( Καστελλόριζο)",Νοτίου Αιγαίου,Δωδεκανήσου,ChIJObOnz2XXwRQR4oalsyEeXpU,https://www.google.com/maps/place/?q=place_id:ChIJObOnz2XXwRQR4oalsyEeXpU,Lycian Tomb,"Καστελλόριζο 851 11, Greece",4.5,163,36.150992,29.595259,ok
Ιστορική συλλογή στο Οθωμανικό Τέμενος (Καστελλόριζο),Νοτίου Αιγαίου,Δωδεκανήσου,ChIJObOnz2XXwRQR4oalsyEeXpU,https://www.google.com/maps/place/?q=place_id:ChIJObOnz2XXwRQR4oalsyEeXpU,Lycian Tomb,"Καστελλόριζο 851 11, Greece",4.5,163,36.150992,29.595259,ok
Αρχαιολογικό Μουσείο Καλύμνου,Νοτίου Αιγαίου,Δωδεκανήσου,ChIJrYdijYnvvRQRJxgZnVhPzxM,https://www.google.com/maps/place/?q=place_id:ChIJrYdijYnvvRQRJxgZnVhPzxM,Archaeological Museum of Kalymnos,"Unnamed Road,, Kalimnos 852 00, Greece",4.6,351,36.954495,26.983756,ok
Κοσμητική Συλλογή Ρόδου,Νοτίου Αιγαίου,Δωδεκανήσου,ChIJ99ujsulhlRQRm0D8ymshT2k,https://www.google.com/maps/place/?q=place_id:ChIJ99ujsulhlRQRm0D8ymshT2k,Decorative Arts Collection of Rhodes,"Rhodes 851 00, Greece",4.1,244,36.445353,28.227017,ok
Αρχαιολογικό Μουσείο Κω,Νοτίου Αιγαίου,Δωδεκανήσου,ChIJMfsecNcOvhQRk2M6czRKVT4,https://www.google.com/maps/place/?q=place_id:ChIJMfsecNcOvhQRk2M6czRKVT4,Archaeological Museum of Kos,"Platia Eleftheria, Kos 853 00, Greece",4.5,1184,36.893593,27.288604,ok
Λαογραφικό Καστελορίζου ( Τζαμί ),Νοτίου Αιγαίου,Δωδεκανήσου,ChIJOwro62XXwRQRtC8L1S3s_GQ,https://www.google.com/maps/place/?q=place_id:ChIJOwro62XXwRQRtC8L1S3s_GQ,Kastellorizo Folk Art Museum (Kavos Mosque),"Καστελλόριζο 851 11, Greece",4.0,32,36.151558,29.593133,ok
Αρχαιολογικό Μουσείο Λέρου,Νοτίου Αιγαίου,Δωδεκανήσου,ChIJB3_PYnHBvRQRjmxM7OOpyTs,https://www.google.com/maps/place/?q=place_id:ChIJB3_PYnHBvRQRjmxM7OOpyTs,Archaeological Museum of Leros,"Agia Marina 854 00, Greece",4.5,63,37.155349,26.853712,ok
Ναός Παναγίας Κάστρου Ρόδου,Νοτίου Αιγαίου,Δωδεκανήσου,ChIJv_EMoulhlRQRvyrMXL4d_n0,https://www.google.com/maps/place/?q=place_id:ChIJv_EMoulhlRQRvyrMXL4d_n0,Our Lady of the Castle (Panayia),"Megalou Alexandrou square, Medieval City, Apellou, Rhodos-Stadt 851 00, Greece",4.4,362,36.445115,28.227372,ok
Παλάτι Μεγάλου Μαγίστρου-Ιπποτών Ρόδου,Νοτίου Αιγαίου,Δωδεκανήσου,ChIJlajohelhlRQRN1CCGpS6omg,https://www.google.com/maps/place/?q=place_id:ChIJlajohelhlRQRN1CCGpS6omg,Palace of the Grand Master of the Knights of Rhodes,"Ippoton, Rodos 851 00, Greece",4.6,26769,36.445423,28.224202,ok
Αρχαιολογικό Μουσείο Ρόδου,Νοτίου Αιγαίου,Δωδεκανήσου,ChIJzSZbpelhlRQRvZkWwxmHTs0,https://www.google.com/maps/place/?q=place_id:ChIJzSZbpelhlRQRvZkWwxmHTs0,Archaeological Museum of Rhodes,"Akti Sachtouri 8, Rodos 851 00, Greece",4.6,6280,36.444768,28.227171,ok
Αρχαιολογικό Μουσείο Σύμης,Νοτίου Αιγαίου,Δωδεκανήσου,ChIJmeTd3N0rvhQRV48_XFTLrCs,https://www.google.com/maps/place/?q=place_id:ChIJmeTd3N0rvhQRV48_XFTLrCs,Archaeological Museum of Symi,"Symi 856 00, Greece",4.7,175,36.610135,27.838836,ok
Τείχη Ρόδου-Παλάτι Ιπποτών,Νοτίου Αιγαίου,Δωδεκανήσου,ChIJlajohelhlRQRN1CCGpS6omg,https://www.google.com/maps/place/?q=place_id:ChIJlajohelhlRQRN1CCGpS6omg,Palace of the Grand Master of the Knights of Rhodes,"Ippoton, Rodos 851 00, Greece",4.6,26769,36.445423,28.224202,ok
Αρχαιολογικό Μουσείο Αλεξανδρούπολης,Ανατολικής Μακεδονίας – Θράκης,Έβρου,ChIJp_pvy7McshQRA5e45CAGN8s,https://www.google.com/maps/place/?q=place_id:ChIJp_pvy7McshQRA5e45CAGN8s,Archaeological Museum of Alexandroupolis,"Leof. Makris 44, Alexandroupoli 681 31, Greece",4.7,390,40.847316,25.856818,ok
Βυζαντινό Μουσείο Διδυμοτείχου,Ανατολικής Μακεδονίας – Θράκης,Έβρου,ChIJ_TE7DgADsxQRND40UX8cDz8,https://www.google.com/maps/place/?q=place_id:ChIJ_TE7DgADsxQRND40UX8cDz8,Byzantine Museum of Didymoteicho,"Plotinoupoleos 9, Didimoticho 683 00, Greece",3.7,3,41.347479,26.49769,ok
Αρχαιολογικό Μουσείο Σαμοθράκης,Ανατολικής Μακεδονίας – Θράκης,Έβρου,ChIJWdXUsKMjrhQRQlBfVNnizf0,https://www.google.com/maps/place/?q=place_id:ChIJWdXUsKMjrhQRQlBfVNnizf0,Archaeological Museum of Samothrace,"Παλαιόπολη 680 02, Greece",4.7,372,40.502713,25.528163,ok
Αρχαιολογικό Μουσείο Ερέτριας,Στερεάς Ελλάδας,Εύβοιας,ChIJCTukUmproRQRw6OGTvxJuos,https://www.google.com/maps/place/?q=place_id:ChIJCTukUmproRQRw6OGTvxJuos,Archaeological Museum of Eretria,"Leof. Archeou Theatrou 1, Eretria 340 08, Greece",4.5,850,38.396072,23.789921,ok
Αρχαιολογικό Μουσείο Καρύστου,Στερεάς Ελλάδας,Εύβοιας,ChIJO9U8SJnMoxQRX28ymxvioqw,https://www.google.com/maps/place/?q=place_id:ChIJO9U8SJnMoxQRX28ymxvioqw,Archaeological Museum of Karystos,"Karystos 340 01, Greece",4.4,182,38.013392,24.42237,ok
"Νέο Αρχαιολογικό Μουσείο Χαλκίδας ""Αρεθούσα""",Στερεάς Ελλάδας,Εύβοιας,ChIJN942J6gXoRQRso3JfXjYsbc,https://www.google.com/maps/place/?q=place_id:ChIJN942J6gXoRQRso3JfXjYsbc,New Archaeological Museum of Chalkis Arethousa,"Πλατεία Αθανάτων, Chalkida 341 00, Greece",4.7,461,38.457288,23.610719,ok
Αρχαιολογικό Μουσείο Σκύρου,Στερεάς Ελλάδας,Εύβοιας,ChIJIZrgX4lqpBQRkuqMsLu0h6g,https://www.google.com/maps/place/?q=place_id:ChIJIZrgX4lqpBQRkuqMsLu0h6g,Archaeological Museum of Skyros,"Skyros 340 07, Greece",4.5,203,38.90856,24.568314,ok
Αρχαιολογικό Μουσείο Χαλκίδας,Στερεάς Ελλάδας,Εύβοιας,ChIJLaf1U54XoRQRlWOqumpn9UI,https://www.google.com/maps/place/?q=place_id:ChIJLaf1U54XoRQRlWOqumpn9UI,Archaeological Museum of Chalkida,"El. Venizelou 13, Chalkida 341 00, Greece",4.3,312,38.462916,23.594025,ok
Μουσείο  Ζακύνθου,Ιονίων Νήσων,Ζακύνθου,ChIJ-yBGICtGZxMRaxyiQMmZXOA,https://www.google.com/maps/place/?q=place_id:ChIJ-yBGICtGZxMRaxyiQMmZXOA,Byzantine Museum of Zakynthos,"Πλατεία Σολωμού, Zakinthos 291 00, Greece",4.3,403,37.787324,20.899635,ok
Αρχαιολογικό Μουσείο Ολυμπίας,Δυτικής Ελλάδας,Ηλείας,ChIJKdLh_zm9oRQRdKDNwff9VBc,https://www.google.com/maps/place/?q=place_id:ChIJKdLh_zm9oRQRdKDNwff9VBc,Archaeological Museum of Olympia,"Archaia Olympia 270 65, Greece",4.7,8797,37.643573,21.629643,ok
Αρχαιολογικό Μουσείο Ήλιδος,Δυτικής Ελλάδας,Ηλείας,ChIJBZFTN_SjYBMRg9ObO0C-cPw,https://www.google.com/maps/place/?q=place_id:ChIJBZFTN_SjYBMRg9ObO0C-cPw,Archaeological Museum of Ancient Elis,"Archeas Ilidos, Kalyvia Ilidos 273 00, Greece",4.5,241,37.886192,21.383592,ok
Μουσειακή συλλογή Ήλιδας,Δυτικής Ελλάδας,Ηλείας,ChIJBZFTN_SjYBMRg9ObO0C-cPw,https://www.google.com/maps/place/?q=place_id:ChIJBZFTN_SjYBMRg9ObO0C-cPw,Archaeological Museum of Ancient Elis,"Archeas Ilidos, Kalyvia Ilidos 273 00, Greece",4.5,241,37.886192,21.383592,ok
Μουσείο Ιστορίας Ολυμπιακών Αγώνων,Δυτικής Ελλάδας,Ηλείας,ChIJZ-dlsuSSYBMRwWK3zY_QG0w,https://www.google.com/maps/place/?q=place_id:ChIJZ-dlsuSSYBMRwWK3zY_QG0w,Museum of the History of the Olympic Games of antiquity,"Πραξιτέλη Κονδύλη 4, Archea Olimpia 270 65, Greece",4.6,1464,37.640997,21.625516,ok
Αρχαιολογικό Μουσείο Πύργου,Δυτικής Ελλάδας,Ηλείας,ChIJnxfY2Ly_YBMR9hAdH_YWtrk,https://www.google.com/maps/place/?q=place_id:ChIJnxfY2Ly_YBMR9hAdH_YWtrk,Archaeological Museum of Pyrgos,"Karaiskaki 10, Pirgos 271 00, Greece",4.5,326,37.67128,21.440676,ok
Αρχαιολογικό Μουσείο Βεροίας,Κεντρικής Μακεδονίας,Ημαθίας,ChIJ4ZLXbJGSVxMRea6gF1LEBW0,https://www.google.com/maps/place/?q=place_id:ChIJ4ZLXbJGSVxMRea6gF1LEBW0,Archeological Museum of Veria,"Leof. Anixeos 47, Veria 591 31, Greece",4.6,421,40.529235,22.206562,ok
Βυζαντινό Μουσείο Βεροίας,Κεντρικής Μακεδονίας,Ημαθίας,ChIJzZbUlJySVxMRqbj9-4m_eUU,https://www.google.com/maps/place/?q=place_id:ChIJzZbUlJySVxMRqbj9-4m_eUU,Byzantine Museum of Veria (Beroea),"Thomaidou 26, Veria 591 32, Greece",4.7,460,40.51922,22.203405,ok
Πολυκεντρικό Μουσείο Αιγών,Κεντρικής Μακεδονίας,Ημαθίας,ChIJFTf8AHXyVxMRI-2eG1BXgFo,https://www.google.com/maps/place/?q=place_id:ChIJFTf8AHXyVxMRI-2eG1BXgFo,Polycentric Museum of Aigai (Aegae) - Main Building,"Epar.Od. Verias-Kipselis, Vergina 590 31, Greece",4.7,3554,40.493937,22.306553,ok
Αρχαιολογικό Μουσείο Μεσαράς,Κρήτης,Ηρακλείου,ChIJ8c6lUzrimhQRS4n95EV8hmU,https://www.google.com/maps/place/?q=place_id:ChIJ8c6lUzrimhQRS4n95EV8hmU,Archaeological Museum of Mesara,"Αμπελούζος, Ampelouzos 700 12, Greece",4.7,587,35.059974,24.937692,ok
Αρχαιολογικό Μουσείο Ηρακλείου,Κρήτης,Ηρακλείου,ChIJw1SLaixamhQRwoUu278STN8,https://www.google.com/maps/place/?q=place_id:ChIJw1SLaixamhQRwoUu278STN8,Heraklion Archaeological Museum,"Ξανθουδίδη και, Chatzidaki 1, Iraklio 712 02, Greece",4.7,34539,35.338982,25.137142,ok
Αρχαιολογικό Μουσείο Ηγουμενίτσας,Ηπείρου,Θεσπρωτίας,ChIJUVMjafN-WxMRwlrUTLFwMj0,https://www.google.com/maps/place/?q=place_id:ChIJUVMjafN-WxMRwlrUTLFwMj0,Archaeological Museum of Igoumenitsa,"Ethniki Odos Igoumenitsas, Ioanninon, Igoumenitsa 461 00, Greece",4.8,310,39.511539,20.258734,ok
Αρχαιολογικό Μουσείο Θεσσαλονίκης,Κεντρικής Μακεδονίας,Θεσσαλονίκης,ChIJiZfaVVM4qBQRiWVSh4VWUU8,https://www.google.com/maps/place/?q=place_id:ChIJiZfaVVM4qBQRiWVSh4VWUU8,Archaeological Museum of Thessaloniki,"Manoli Andronikou 6, Thessaloniki 546 21, Greece",4.7,8897,40.625536,22.953702,ok
Μουσείο Βυζαντινού Πολιτισμού Θεσσαλονίκης,Κεντρικής Μακεδονίας,Θεσσαλονίκης,ChIJvz6ZIuM4qBQR1YIlrzCJKM4,https://www.google.com/maps/place/?q=place_id:ChIJvz6ZIuM4qBQR1YIlrzCJKM4,Museum of Byzantine Civilization,"2, Leof. Stratou Avenue, 54640, Thessaloniki, Greece",4.6,4229,40.623936,22.955144,ok
Λευκός Πύργος,Κεντρικής Μακεδονίας,Θεσσαλονίκης,ChIJacxIJa85qBQRFi10gJ0wGO8,https://www.google.com/maps/place/?q=place_id:ChIJacxIJa85qBQRFi10gJ0wGO8,White Tower of Thessaloniki,"Thessaloniki 546 21, Greece",4.7,62376,40.626448,22.948382,ok
Ναός Αγίου Γεωργίου Ροτόντα,Κεντρικής Μακεδονίας,Θεσσαλονίκης,ChIJz4i6VgA5qBQR8uS5nQItEx4,https://www.google.com/maps/place/?q=place_id:ChIJz4i6VgA5qBQR8uS5nQItEx4,Rotonda,"Platia Agiou Georgiou Rotonta 5, Thessaloniki 546 35, Greece",4.6,6264,40.633346,22.952855,ok
Πύργος Τριγωνίου Θεσσαλονίκης,Κεντρικής Μακεδονίας,Θεσσαλονίκης,ChIJ6TGR-lE4qBQRNpiJA_LmLiM,https://www.google.com/maps/place/?q=place_id:ChIJ6TGR-lE4qBQRNpiJA_LmLiM,Trigonion Tower,"Agios Pavlos 546 34, Greece",4.7,7435,40.640687,22.959996,ok
Αρχαιολογικό Μουσείο Ιωαννίνων,Ηπείρου,Ιωαννίνων,ChIJheyLjYTpWxMR7vg7oC98PaI,https://www.google.com/maps/place/?q=place_id:ChIJheyLjYTpWxMR7vg7oC98PaI,Archaeological Museum of Ioannina,"25is Martiou 6, Ioannina 452 21, Greece",4.6,786,39.666646,20.855949,ok
Βυζαντινό Μουσείο Ιωαννίνων,Ηπείρου,Ιωαννίνων,ChIJuSPo9jHoWxMRyMX1hTSaUXk,https://www.google.com/maps/place/?q=place_id:ChIJuSPo9jHoWxMRyMX1hTSaUXk,Byzantine Museum of Ioannina,"Its Kale, Βυζαντινό Μουσείο Ιωαννίνων, Ioannina 452 21, Greece",4.5,663,39.670414,20.862764,ok
Φωτογραφική έκθεση των μνημείων της Κόνιτσας,Ηπείρου,Ιωαννίνων,ChIJpwHLhp41WhMR658uIBH7GNY,https://www.google.com/maps/place/?q=place_id:ChIJpwHLhp41WhMR658uIBH7GNY,Φωτογραφική 'Εκθεση Μνημείων Κόνιτσας (Ιεροδιδασκαλείο),"Konitsa 441 00, Greece",3.5,4,40.039041,20.745931,ok
Αρχαιολογικό Μουσείο Θάσου,Ανατολικής Μακεδονίας – Θράκης,Καβάλας,ChIJ1zoN5YGSrhQR1hQcTIWskJY,https://www.google.com/maps/place/?q=place_id:ChIJ1zoN5YGSrhQR1hQcTIWskJY,Archaeological Museum of Thasos,"Meg. Alexandrou 2, Limenas Thassos 640 04, Greece",4.6,1460,40.779703,24.711876,ok
Αρχαιολογικό Μουσείο Καβάλας,Ανατολικής Μακεδονίας – Θράκης,Καβάλας,ChIJ0c2UaQu7rhQRGUUx97dBABM,https://www.google.com/maps/place/?q=place_id:ChIJ0c2UaQu7rhQRGUUx97dBABM,Kavala Archaeological Museum,"Erithrou Stavrou 17, Kavala 653 02, Greece",4.4,811,40.935275,24.4038,ok
Αρχαιολογικό Μουσείο Φιλίππων,Ανατολικής Μακεδονίας – Θράκης,Καβάλας,ChIJAbu2BzWurhQRr0E7U3XstbQ,https://www.google.com/maps/place/?q=place_id:ChIJAbu2BzWurhQRr0E7U3XstbQ,Archaeological Museum Of Philippi,"Philippi 640 03, Greece",4.7,1407,41.014757,24.282809,ok
Αρχαιολογικό Μουσείο Καρδίτσας,Θεσσαλίας,Καρδίτσας,ChIJE8xl5QjZWBMRacyLTcrfFjk,https://www.google.com/maps/place/?q=place_id:ChIJE8xl5QjZWBMRacyLTcrfFjk,Archaeological Museum of Karditsa,"Lachana 1, Karditsa 431 00, Greece",4.7,251,39.363102,21.918445,ok
Ναός Απόλλωνα ( Μητρόπολη Καρδίτσας ),Θεσσαλίας,Καρδίτσας,ChIJt_WuP3ooWRMR8OsALXPe9Ks,https://www.google.com/maps/place/?q=place_id:ChIJt_WuP3ooWRMR8OsALXPe9Ks,"Ιερό Απόλλωνος, Μητρόπολη Καρδίτσας","Plastiras 431 00, Greece",4.4,49,39.333633,21.819444,ok
Αρχοντικό Τσιατσαπά Καστοριά,Δυτικής Μακεδονίας,Καστοριάς,ChIJPyhtbzf9WRMRGg9hWzaiNPk,https://www.google.com/maps/place/?q=place_id:ChIJPyhtbzf9WRMRGg9hWzaiNPk,Tsiatsiapas Mansion,"Νίκης 114, Kastoria 521 00, Greece",4.8,254,40.521403,21.273507,ok
Βυζαντινό Μουσείο Καστοριάς,Δυτικής Μακεδονίας,Καστοριάς,ChIJEcMqsD79WRMRmRASjg9c2X4,https://www.google.com/maps/place/?q=place_id:ChIJEcMqsD79WRMRmRASjg9c2X4,Byzantine Museum of Kastoria,"Platia Dexamenis, Kastoria 521 00, Greece",4.7,465,40.519384,21.26841,ok
Βυζαντινό Φρούριο Αγγελοκάστρου,Ιονίων Νήσων,Κέρκυρας,ChIJWUz9xmpRWxMR4f_taueTDQY,https://www.google.com/maps/place/?q=place_id:ChIJWUz9xmpRWxMR4f_taueTDQY,Castello bizantino di Angelokastro,"Paleokastrites 490 83, Greece",4.7,6452,39.678214,19.686565,ok
Αρχαιολογικό Μουσείο Κέρκυρας,Ιονίων Νήσων,Κέρκυρας,ChIJs8-Z-t5dWxMRl1i1V9cFuCc,https://www.google.com/maps/place/?q=place_id:ChIJs8-Z-t5dWxMRl1i1V9cFuCc,Archaeological Museum of Corfu,"Archeological Museum of Corfu, Vrela Armeni 1, Kerkira 491 00, Greece",4.4,2021,39.618904,19.921986,ok
Μουσείο Ασιατικής Τέχνης Κέρκυρας,Ιονίων Νήσων,Κέρκυρας,ChIJl7z_u8JdWxMRHalsMbai24w,https://www.google.com/maps/place/?q=place_id:ChIJl7z_u8JdWxMRHalsMbai24w,Corfu Museum of Asian Art,"Palace of St. Michael & George, Palea Anaktora 49100, Kerkira 491 00, Greece",4.7,3498,39.625721,19.924707,ok
Ναός Αντιβουνιώτισσας,Ιονίων Νήσων,Κέρκυρας,ChIJDw0G78JdWxMRbixuhry8IxI,https://www.google.com/maps/place/?q=place_id:ChIJDw0G78JdWxMRbixuhry8IxI,Byzantine Museum of Antivouniotissa,"gesloten, Arseniou 25, Kerkira 491 00, Greece",4.3,486,39.627179,19.922526,ok
Αρχαιολογικό Μουσείο Παλαιόπολης Κέρκυρας (Mon Repos),Ιονίων Νήσων,Κέρκυρας,ChIJ59DAqnNeWxMRP7Zg8GmW4ck,https://www.google.com/maps/place/?q=place_id:ChIJ59DAqnNeWxMRP7Zg8GmW4ck,Museum of Palaiopolis - Mon Repos,"Mon Repos Park, Analipsi 31, Kerkira 491 00, Greece",4.1,2754,39.606326,19.926084,ok
Αρχαιολογικό Μουσείο Αργοστολίου,Ιονίων Νήσων,Κεφαλληνίας,ChIJ0xg3PAqHXRMRfnix-7drp_Q,https://www.google.com/maps/place/?q=place_id:ChIJ0xg3PAqHXRMRfnix-7drp_Q,Archaeological Museum of Argostoli,"Leof. Geor. Vergoti, Argostoli 281 00, Greece",3.2,16,38.177783,20.488136,ok
Αρχαιολογικό Μουσείο Βαθέος Ιθάκης,Ιονίων Νήσων,Κεφαλληνίας,ChIJ94-t1EjrXRMRIlHCKLyAeG8,https://www.google.com/maps/place/?q=place_id:ChIJ94-t1EjrXRMRIlHCKLyAeG8,Archaeological Museum of Vathi of Ithaca,"Vathy 283 00, Greece",4.1,148,38.364669,20.721583,ok
Αρχαιολογική Συλλογή Σάμης,Ιονίων Νήσων,Κεφαλληνίας,ChIJA7qPlIKNXRMRJBxD5Cm4QXs,https://www.google.com/maps/place/?q=place_id:ChIJA7qPlIKNXRMRJBxD5Cm4QXs,Archaeological Collection of Sami,"Leof. Ioanni Metaxa, Sami 280 80, Greece",4.8,138,38.251155,20.647447,ok
Αρχαιολογική Συλλογή Σταυρού Ιθάκης,Ιονίων Νήσων,Κεφαλληνίας,ChIJ12fAuNm_XRMRFx0TbMvSez0,https://www.google.com/maps/place/?q=place_id:ChIJ12fAuNm_XRMRFx0TbMvSez0,Stavros Archaeological Collection,"Epar.Od. Frikon - Stavrou 131, Ithaki 283 01, Greece",4.2,142,38.452735,20.645046,ok
Αρχαιολογικό Μουσείο Κιλκίς,Κεντρικής Μακεδονίας,Κιλκίς,ChIJHYQOuIvFqRQR7zvBSdI0tJ4,https://www.google.com/maps/place/?q=place_id:ChIJHYQOuIvFqRQR7zvBSdI0tJ4,Archaeological Museum of Kilkis,"Ρεγκούκου, Outskouni και, Kilkis 611 00, Greece",4.4,106,40.997584,22.877651,ok
Αρχαιολογική Συλλογή Κοζάνης,Δυτικής Μακεδονίας,Κοζάνης,ChIJC2GsUxPSWRMRH06HfPR0V9I,https://www.google.com/maps/place/?q=place_id:ChIJC2GsUxPSWRMRH06HfPR0V9I,Archeological Collection of Kozani,"Dimokratias 8, Kozani 501 00, Greece",4.6,66,40.302332,21.785552,ok
Αρχοντικό Γρ. Βούρκα,Δυτικής Μακεδονίας,Κοζάνης,ChIJeYR9Pm3SWRMRrufeAfp3AJ0,https://www.google.com/maps/place/?q=place_id:ChIJeYR9Pm3SWRMRrufeAfp3AJ0,Gregorios Vourkas Mansion,"Kozani 501 00, Greece",4.8,56,40.299851,21.786621,ok
Αρχοντικό Μαλιώγκα Σιάτιστας,Δυτικής Μακεδονίας,Κοζάνης,ChIJSQ-6XVbDWRMRWFGa307SIgE,https://www.google.com/maps/place/?q=place_id:ChIJSQ-6XVbDWRMRWFGa307SIgE,Αρχοντικό Μαλιόγκα - Αργυριάδη,"Mitropoleos 30, Siatista 503 00, Greece",4.4,8,40.262754,21.548341,ok
Αρχοντικό Πούλκως,Δυτικής Μακεδονίας,Κοζάνης,ChIJYefGquHDWRMRgTOt52yJxz0,https://www.google.com/maps/place/?q=place_id:ChIJYefGquHDWRMRgTOt52yJxz0,Mansion of Poulko,"Siatista 503 00, Greece",4.8,408,40.252213,21.556883,ok
Επισκοπικός Ναός Σισανίου,Δυτικής Μακεδονίας,Κοζάνης,ChIJmaeiLeHDWRMR8G1f-t9aG3U,https://www.google.com/maps/place/?q=place_id:ChIJmaeiLeHDWRMR8G1f-t9aG3U,Ιερά Μητρόπολη Σισανίου και Σιατίστης,"Siatista 503 00, Greece",4.9,90,40.261612,21.550474,ok
Αρχαιολογικό Μουσείο Αιανής,Δυτικής Μακεδονίας,Κοζάνης,ChIJX5Ib7fzKWRMR2PYtxurV8-U,https://www.google.com/maps/place/?q=place_id:ChIJX5Ib7fzKWRMR2PYtxurV8-U,Archaeological Museum of Aeani,"Aiani 501 50, Greece",4.8,276,40.167627,21.826193,ok
Αρχαιολογικό Μουσείο Ισθμίας,Πελοποννήσου,Κορινθίας,ChIJbVDf-Rg-oBQRlg-9QsFfV3M,https://www.google.com/maps/place/?q=place_id:ChIJbVDf-Rg-oBQRlg-9QsFfV3M,Archaeological Museum of Isthmia,"Loutraki-Agioi Theodoroi Municipality 203 00, Greece",4.6,381,37.915192,22.992847,ok
Αρχαιολογικό Μουσείο Σικυώνας,Πελοποννήσου,Κορινθίας,ChIJi05J7oILoBQRVqTrLFsS3v4,https://www.google.com/maps/place/?q=place_id:ChIJi05J7oILoBQRVqTrLFsS3v4,Archaeological Museum of Ancient Sikyon,"Sicyon 202 00, Greece",4.8,125,37.984479,22.713701,ok
Αρχαιολογικό Μουσείο Άνδρου (Χώρα),Νοτίου Αιγαίου,Κυκλάδων,ChIJJ64U4g__ohQR72QQaeqI2k8,https://www.google.com/maps/place/?q=place_id:ChIJJ64U4g__ohQR72QQaeqI2k8,Archaeological Museum of Andros,"Andros 845 00, Greece",4.5,216,37.838041,24.939442,ok
Αρχαιολογική Συλλογή Αμοργού,Νοτίου Αιγαίου,Κυκλάδων,ChIJqcg6o13vlxQRa1bWA0_-gKk,https://www.google.com/maps/place/?q=place_id:ChIJqcg6o13vlxQRa1bWA0_-gKk,Archaeological Collection of Amorgos,"Unnamed Road, Chora 840 08, Greece",3.5,30,36.831597,25.898881,ok
Αρχαιολογική Συλλογή Ανάφης,Νοτίου Αιγαίου,Κυκλάδων,ChIJWx4_1Gd5lxQR2Ys1uhxjU7o,https://www.google.com/maps/place/?q=place_id:ChIJWx4_1Gd5lxQR2Ys1uhxjU7o,Archaeological Collection of Anaphi,"Ανάφη 840 09, Greece",3.0,2,36.351321,25.76795,ok
Αρχαιολογική Συλλογή Σερίφου,Νοτίου Αιγαίου,Κυκλάδων,ChIJEcNTJGy9mBQR55j-IvcrYt0,https://www.google.com/maps/place/?q=place_id:ChIJEcNTJGy9mBQR55j-IvcrYt0,Archaeological Collection of Seriphos,"Σέριφος 840 05, Greece",4.6,25,37.144558,24.514523,ok
Αρχαιολογικό Μουσείο Θήρας,Νοτίου Αιγαίου,Κυκλάδων,ChIJu-BSKtLNmRQRK-1cpPEyB6A,https://www.google.com/maps/place/?q=place_id:ChIJu-BSKtLNmRQRK-1cpPEyB6A,Archaeological Museum of Thera,"Erithrou Stavrou, Thira 847 00, Greece",3.8,701,36.420113,25.431049,ok
Αρχαιολογικό Μουσείο Ίου,Νοτίου Αιγαίου,Κυκλάδων,ChIJ51eg2hZHmBQRzpb_DTn6zWk,https://www.google.com/maps/place/?q=place_id:ChIJ51eg2hZHmBQRzpb_DTn6zWk,Archeological Museum of Ios,"Chora 840 01, Greece",4.1,49,36.721718,25.281037,ok
Αρχαιολογικό Μουσείο Κέας,Νοτίου Αιγαίου,Κυκλάδων,ChIJa4D2k84ZohQRbjE-XIP5zls,https://www.google.com/maps/place/?q=place_id:ChIJa4D2k84ZohQRbjE-XIP5zls,Archaeological Museum of Kea,"Antoniou Lazaridou, Kea 840 02, Greece",4.5,164,37.64103,24.340693,ok
Αρχαιολογικό Μουσείο Κιμώλου,Νοτίου Αιγαίου,Κυκλάδων,ChIJYfFtINvnmBQR7Yu-YEwlJqI,https://www.google.com/maps/place/?q=place_id:ChIJYfFtINvnmBQR7Yu-YEwlJqI,Archaeological Museum of Kimolos,"Kimolos 840 04, Greece",4.3,31,36.791668,24.575049,ok
Αρχαιολογικό Μουσείο Μήλου,Νοτίου Αιγαίου,Κυκλάδων,ChIJE_ZR183YmBQRT7zbf9rQVjM,https://www.google.com/maps/place/?q=place_id:ChIJE_ZR183YmBQRT7zbf9rQVjM,Archaeological Museum of Melos,"Plaka 848 00, Greece",4.5,454,36.743845,24.423621,ok
Μουσείο Προϊστορικής Θήρας,Νοτίου Αιγαίου,Κυκλάδων,ChIJEYqz8NLNmRQRQA2rGP-CQXY,https://www.google.com/maps/place/?q=place_id:ChIJEYqz8NLNmRQRQA2rGP-CQXY,Museum of Prehistoric Thera,"Fira 847 00, Greece",4.5,2929,36.416795,25.432685,ok
Αρχαιολογικό Μουσείο Μυκόνου,Νοτίου Αιγαίου,Κυκλάδων,ChIJt2mz36e_ohQRmF1ws4-6Czs,https://www.google.com/maps/place/?q=place_id:ChIJt2mz36e_ohQRmF1ws4-6Czs,Archaeological Museum of Mykonos,"Μουσείο, Χώρα Μυκόνου, Mikonos 846 00, Greece",4.3,557,37.449972,25.329441,ok
Αρχαιολογικό Μουσείο Νάξου,Νοτίου Αιγαίου,Κυκλάδων,ChIJTbDYsdULmBQR20LqV1FHtOc,https://www.google.com/maps/place/?q=place_id:ChIJTbDYsdULmBQR20LqV1FHtOc,Archaeological Museum of Naxos,"Leof. Naxou Eggaron 3, Naxos 843 00, Greece",4.2,412,37.105491,25.377352,ok
Αρχαιολογικό Μουσείο Παλαιόπολης Άνδρου,Νοτίου Αιγαίου,Κυκλάδων,ChIJXcJpZ5ZWohQRX19djrrdRHY,https://www.google.com/maps/place/?q=place_id:ChIJXcJpZ5ZWohQRX19djrrdRHY,Archaeological Museum of Paleopolis,"Palaiopoli 845 00, Greece",4.4,174,37.817611,24.835509,ok
Αρχαιολογικό Μουσείο Πάρου,Νοτίου Αιγαίου,Κυκλάδων,ChIJV_flhw9xmBQRGIeJeCOWlRs,https://www.google.com/maps/place/?q=place_id:ChIJV_flhw9xmBQRGIeJeCOWlRs,Archaeological Museum of Paros,"Christou Konstantopoulos 2, Paros 844 00, Greece",4.4,531,37.084397,25.152773,ok
Αρχαιολογικό Μουσείο Σίφνου,Νοτίου Αιγαίου,Κυκλάδων,ChIJIV1dajGNmBQRiJwFXE_KRvU,https://www.google.com/maps/place/?q=place_id:ChIJIV1dajGNmBQRiJwFXE_KRvU,Archaeological Museum of Siphnos,"Κάστρο 840 03, Greece",4.4,34,36.974626,24.745554,ok
Αρχαιολογική Συλλογή Απειράνθου (Μουσείο Μιχάλη Μπαρδάνη),Νοτίου Αιγαίου,Κυκλάδων,ChIJg_uLwnYHmBQRoNfiuKJkjRA,https://www.google.com/maps/place/?q=place_id:ChIJg_uLwnYHmBQRoNfiuKJkjRA,Archaeological Museum of Apeiranthos,"Apeiranthos 843 02, Greece",3.6,42,37.071523,25.520228,ok
Συλλογή Εικόνων και Κειμηλίων Πύργου Θήρας,Νοτίου Αιγαίου,Κυκλάδων,ChIJX6smmD_OmRQRtKbnenzfRXQ,https://www.google.com/maps/place/?q=place_id:ChIJX6smmD_OmRQRtKbnenzfRXQ,Collection of Icons and Ecclesiastical Heirlooms of Agia Triada at Pyrgos of Thera,"Epar.Od. Pirgou Kallistis - Profiti Ilia 2, Pirgos Kallistis 847 00, Greece",3.9,38,36.383499,25.450874,ok
Αρχαιολογικό Μουσείο Σύρου,Νοτίου Αιγαίου,Κυκλάδων,ChIJW-vJ-FKIohQRLT_1eQ_jgs0,https://www.google.com/maps/place/?q=place_id:ChIJW-vJ-FKIohQRLT_1eQ_jgs0,Archaeological Museum of Syros,"Ermoupoli 841 00, Greece",4.1,274,37.445152,24.942341,ok
Αρχαιολογικό Μουσείο Τήνου,Νοτίου Αιγαίου,Κυκλάδων,ChIJVxRZVOrsohQR1NaN8SFg_-E,https://www.google.com/maps/place/?q=place_id:ChIJVxRZVOrsohQR1NaN8SFg_-E,Αrchaeological Museum of Tinos,"Tinos 842 00, Greece",4.4,315,37.54043,25.161988,ok
Νεολιθικό Μουσείο Διρού,Πελοποννήσου,Λακωνίας,ChIJB-tvRc3xYRMRcwSihIwOd5c,https://www.google.com/maps/place/?q=place_id:ChIJB-tvRc3xYRMRcwSihIwOd5c,Caves of Diros,"Pyrgos Dirou 230 63, Greece",4.5,12298,36.638316,22.3807,ok
Κάστρο Μονεμβασιάς,Πελοποννήσου,Λακωνίας,ChIJfylVfNJBnhQR4QXUUzQg0vk,https://www.google.com/maps/place/?q=place_id:ChIJfylVfNJBnhQR4QXUUzQg0vk,CHRISOLITHOS,"ΚΑΣΤΡΟ, Monemvasia 230 70, Greece",4.8,637,36.687554,23.055378,ok
Αρχαιολογική Συλλογή Μονεμβασίας,Πελοποννήσου,Λακωνίας,ChIJ25gx8NFBnhQRhqAZ5DtXsGg,https://www.google.com/maps/place/?q=place_id:ChIJ25gx8NFBnhQRhqAZ5DtXsGg,Archaeological Collection of Monemvasia,"EO Monemvasias Krokeon 2-31, Monemvasia 230 70, Greece",4.8,124,36.687248,23.055459,ok
Αρχαιολογικό Μουσείο Νεάπολης Βοιών,Πελοποννήσου,Λακωνίας,ChIJm3qYdiNtnhQRskmIttH1Z6M,https://www.google.com/maps/place/?q=place_id:ChIJm3qYdiNtnhQRskmIttH1Z6M,Αρχαιολογικό Μουσείο Νεάπολης Βοιών,"Leof. Dimokratias, Neapoli Vion 230 53, Greece",4.9,43,36.512046,23.064384,ok
Μουσείο Πύργου Πικουλάκη - Βυζαντινό Μουσείο Μάνης,Πελοποννήσου,Λακωνίας,ChIJU2uvZjPuYRMR0QwBuSQga78,https://www.google.com/maps/place/?q=place_id:ChIJU2uvZjPuYRMR0QwBuSQga78,Museum of Pikoulakis Tower-House - Byzantine Museum of Mani,"Areopoli 230 62, Greece",4.3,125,36.664655,22.37944,ok
Αρχαιολογικό Μουσείο Σπάρτης,Πελοποννήσου,Λακωνίας,ChIJN5lJjInNYRMR_PWEvEyv984,https://www.google.com/maps/place/?q=place_id:ChIJN5lJjInNYRMR_PWEvEyv984,Archaeological Museum of Sparta,"Λυκούργου, Agiou Nikonos &, Sparti 231 00, Greece",4.1,1037,37.074256,22.431604,ok
Αρχοντικό Σβάρτς,Θεσσαλίας,Λάρισας,ChIJAeWFihl3WBMRrEDU05VJu9s,https://www.google.com/maps/place/?q=place_id:ChIJAeWFihl3WBMRrEDU05VJu9s,Georgios Schwartz Mansion,"Ampelakia 400 04, Greece",4.7,354,39.852798,22.554269,ok
Διαχρονικό Μουσείο Λάρισας,Θεσσαλίας,Λάρισας,ChIJ_dAuoDKPWBMR1tqp6FbgYL0,https://www.google.com/maps/place/?q=place_id:ChIJ_dAuoDKPWBMR1tqp6FbgYL0,Diachronic Museum of Larissa,"Τρικάλων, Τ.Θ. 1126 Μεζούρλο, Λαρίσης, Larisa 415 00, Greece",4.8,873,39.618321,22.393537,ok
Αρχαιολογικό Μουσείο Αγίου Νικολάου,Κρήτης,Λασιθίου,ChIJI16q6HmBkBQRRxycjCF3fT4,https://www.google.com/maps/place/?q=place_id:ChIJI16q6HmBkBQRRxycjCF3fT4,Archaeological Museum of Agios Nikolaos,"Kon/nou Paleologou 74, Ag. Nikolaos 721 00, Greece",4.4,548,35.193762,25.715371,ok
Αρχαιολογική Συλλογή Ιεράπετρας,Κρήτης,Λασιθίου,ChIJ1_w592t5kBQRSl5b7qi44x4,https://www.google.com/maps/place/?q=place_id:ChIJ1_w592t5kBQRSl5b7qi44x4,Archaeological Collection Of Ierapetra,"Πλατεία Κανουπάκη Platia Ethnikis Antistaseos, Dimokratias ke, Ierapetra 722 00, Greece",4.3,371,35.008331,25.738707,ok
Ναός Παναγίας Κεράς Κριτσά,Κρήτης,Λασιθίου,ChIJb3Bl7ox_mhQRrFipu49rETU,https://www.google.com/maps/place/?q=place_id:ChIJb3Bl7ox_mhQRrFipu49rETU,Panagia Kera (Assumption of Mary),"Kritsa 721 00, Greece",4.4,1191,35.156765,25.655203,ok
Αρχαιολογικό Μουσείο Σητείας,Κρήτης,Λασιθίου,ChIJB4xUaI7tkBQRxWfYlDmUfa4,https://www.google.com/maps/place/?q=place_id:ChIJB4xUaI7tkBQRxWfYlDmUfa4,Archaeological Museum of Sitia,"Sitia 723 00, Greece",4.5,530,35.204614,26.105094,ok
Αρχαιολογική Συλλογή Ερεσού,Βορείου Αιγαίου,Λέσβου,ChIJvzNw8hLEuhQR5w2Mu2wXGZI,https://www.google.com/maps/place/?q=place_id:ChIJvzNw8hLEuhQR5w2Mu2wXGZI,Archaeological Collection of Eressos,"Unnamed Road, Skala Eresou 811 05, Greece",4.3,15,39.13495,25.933124,ok
Αρχαιολογική Συλλογή Νάπης,Βορείου Αιγαίου,Λέσβου,ChIJR2fndwSPuhQRlLEqknfCN2o,https://www.google.com/maps/place/?q=place_id:ChIJR2fndwSPuhQRlLEqknfCN2o,Archaeological Folklore Collection of Napi,"Νάπη 811 02, Greece",4.3,23,39.268353,26.28532,ok
Αρχοντικό Βαρελτζίδαινας,Βορείου Αιγαίου,Λέσβου,ChIJi3VEjV-RuhQR8LVlCLaZNR4,https://www.google.com/maps/place/?q=place_id:ChIJi3VEjV-RuhQR8LVlCLaZNR4,Αρχοντικό Βαρελτζήδαινας,"Petra 811 09, Greece",4.2,29,39.327162,26.174957,ok
Αρχαιολογικό Μουσείο Λήμνου,Βορείου Αιγαίου,Λέσβου,ChIJxRPMtzeFrxQRyyuCnpen3iI,https://www.google.com/maps/place/?q=place_id:ChIJxRPMtzeFrxQRyyuCnpen3iI,Archeological Museum of Lemnos,"Navarchou Kountourioti, Mirina 814 00, Greece",4.5,332,39.880366,25.062238,ok
Τσαρσί Χαμάμ Μυτιλήνης,Βορείου Αιγαίου,Λέσβου,ChIJM0V9RwZnuhQRFAL7M3un680,https://www.google.com/maps/place/?q=place_id:ChIJM0V9RwZnuhQRFAL7M3un680,Τsarsi Hamam,"Lorentzou Mavili 2, Mitilini 811 00, Greece",4.5,132,39.110536,26.557072,ok
Αρχαιολογικό Μουσείο Μυτιλήνης (Νέο κτήριο),Βορείου Αιγαίου,Λέσβου,ChIJXzCkiKdnuhQRwWeij1uqI3s,https://www.google.com/maps/place/?q=place_id:ChIJXzCkiKdnuhQRwWeij1uqI3s,Archaeological Museum of Mytilene,"Αρχαιολογικό Μουσείο Μυτιλήνης, Skra 26, Mitilini 811 00, Greece",4.5,598,39.106974,26.56165,ok
Αρχαιολογικό Μουσείο Μυτιλήνης,Βορείου Αιγαίου,Λέσβου,ChIJXzCkiKdnuhQRwWeij1uqI3s,https://www.google.com/maps/place/?q=place_id:ChIJXzCkiKdnuhQRwWeij1uqI3s,Archaeological Museum of Mytilene,"Αρχαιολογικό Μουσείο Μυτιλήνης, Skra 26, Mitilini 811 00, Greece",4.5,598,39.106974,26.56165,ok
Αρχαιολογικό Μουσείο Λευκάδας,Ιονίων Νήσων,Λευκάδας,ChIJTxU9nv9JXBMRu9vmfm7P0pk,https://www.google.com/maps/place/?q=place_id:ChIJTxU9nv9JXBMRu9vmfm7P0pk,Archaeological Museum of Lefkada,"Aggelou Sikelianou, Svoronou ke, Lefkada 311 00, Greece",4.4,715,38.835004,20.704047,ok
Γιαννοπούλειο Αρχαιολογικό Μουσείο Αλμυρού,Θεσσαλίας,Μαγνησίας,ChIJMyE-IPhapxQRI-m0sgL69-I,https://www.google.com/maps/place/?q=place_id:ChIJMyE-IPhapxQRI-m0sgL69-I,Archaeological Museum of Almyros,"Athinon 50, Almiros 371 00, Greece",4.5,41,39.179505,22.764137,ok
Αθανασάκειο Αρχαιολογικό Μουσείο Βόλου,Θεσσαλίας,Μαγνησίας,ChIJVRuRbYRspxQRwLYkyKzekxQ,https://www.google.com/maps/place/?q=place_id:ChIJVRuRbYRspxQRwLYkyKzekxQ,Athanasakio Archaeological Museum of Volos,"Athanasaki 1, Volos 382 22, Greece",4.6,1070,39.351911,22.961372,ok
Αρχαιολογικό Μουσείο Αρχαίας Μεσσήνης (χ. Μαυρομάτι),Πελοποννήσου,Μεσσηνίας,ChIJ_bvNbqWrYRMRqLIkewh60Uw,https://www.google.com/maps/place/?q=place_id:ChIJ_bvNbqWrYRMRqLIkewh60Uw,Archaeological Museum of Ancient Messene,"Ιθώμη, Greece",4.5,740,37.181435,21.917456,ok
Μπενάκειο Αρχαιολογικό Μουσείο Καλαμάτας,Πελοποννήσου,Μεσσηνίας,ChIJDXVutJawYRMR3YiZWVU-S9I,https://www.google.com/maps/place/?q=place_id:ChIJDXVutJawYRMR3YiZWVU-S9I,Archaeological Museum of Messinia,"Agiou Ioannou 3, Kalamata 241 00, Greece",4.6,745,37.04357,22.113369,ok
Αρχοντικό Ολυμπιονίκη Κ. Τσικλητήρα στην Πύλο,Πελοποννήσου,Μεσσηνίας,ChIJZVg92gHPnxQRUJpZBsiQpgQ,https://www.google.com/maps/place/?q=place_id:ChIJZVg92gHPnxQRUJpZBsiQpgQ,Πύργος Τσικαλιώτη,"Epar.Od. Astrous - Leonidiou, Leonidio 223 00, Greece",4.6,74,37.165896,22.862175,ok
Μουσείο Πασά στο Φρούριο Πύλου,Πελοποννήσου,Μεσσηνίας,ChIJsyJFbfNyYRMRcfQbiMrzLFI,https://www.google.com/maps/place/?q=place_id:ChIJsyJFbfNyYRMRcfQbiMrzLFI,Archaeological Museum of Pylos,"EO Pilou Kalamatas, Pilos 240 01, Greece",4.7,404,36.912378,21.692021,ok
Αρχαιολογικό Μουσείο Μεσσηνίας,Πελοποννήσου,Μεσσηνίας,ChIJDXVutJawYRMR3YiZWVU-S9I,https://www.google.com/maps/place/?q=place_id:ChIJDXVutJawYRMR3YiZWVU-S9I,Archaeological Museum of Messinia,"Agiou Ioannou 3, Kalamata 241 00, Greece",4.6,745,37.04357,22.113369,ok
Αρχαιολογικό Μουσείο Πύλου,Πελοποννήσου,Μεσσηνίας,ChIJsyJFbfNyYRMRcfQbiMrzLFI,https://www.google.com/maps/place/?q=place_id:ChIJsyJFbfNyYRMRcfQbiMrzLFI,Archaeological Museum of Pylos,"EO Pilou Kalamatas, Pilos 240 01, Greece",4.7,404,36.912378,21.692021,ok
Πύργος Μουρτζίνου (Καρδαμύλη),Πελοποννήσου,Μεσσηνίας,ChIJWXIu-3y_YRMRyeB9cfhWpLY,https://www.google.com/maps/place/?q=place_id:ChIJWXIu-3y_YRMRyeB9cfhWpLY,Mourtzinos Tower,"Lefktro 240 22, Greece",4.6,1189,36.891208,22.234902,ok
Αρχαιολογικό Μουσείο Χώρας,Πελοποννήσου,Μεσσηνίας,ChIJHSeFlvAOYRMRnU6eOBkjCMA,https://www.google.com/maps/place/?q=place_id:ChIJHSeFlvAOYRMRnU6eOBkjCMA,Archaeological Museum of Chora,"Chora Χώρα Τριφυλίας, Kiparissia 245 00, Greece",4.1,308,37.053572,21.720701,ok
Αρχαιολογικό Μουσείο Αβδήρων,Ανατολικής Μακεδονίας – Θράκης,Ξάνθης,ChIJX1Owx3V_rhQRb74fPlpkOpw,https://www.google.com/maps/place/?q=place_id:ChIJX1Owx3V_rhQRb74fPlpkOpw,Archaeological Museum of Abdera,"Abdera 670 61, Greece",4.7,381,40.98064,24.954062,ok
Αρχαιολογικό Μουσείο Πέλλας,Κεντρικής Μακεδονίας,Πέλλας,ChIJ2w3x8qrQVxMRUprNL6fZ_-Q,https://www.google.com/maps/place/?q=place_id:ChIJ2w3x8qrQVxMRUprNL6fZ_-Q,Archaeological Museum of Pella,"Pella 580 05, Greece",4.7,2777,40.76199,22.519375,ok
Αρχαιολογικό Μουσείο Δίου,Κεντρικής Μακεδονίας,Πιερίας,ChIJfUNGAqMFWBMRhCj3t2_jb8I,https://www.google.com/maps/place/?q=place_id:ChIJfUNGAqMFWBMRhCj3t2_jb8I,Archaeological Museum of Dion,"Epar.Od. Katerinis - Limena Litochoriou 910, Dion 601 00, Greece",4.6,3361,40.170599,22.487044,ok
Αρχαιολογικό Μουσείο Νικόπολης,Ηπείρου,Πρέβεζας,ChIJZfKTmWo_XBMR2h0YVCv9qrA,https://www.google.com/maps/place/?q=place_id:ChIJZfKTmWo_XBMR2h0YVCv9qrA,Archaeological Museum of Nicopolis,"5ο χλμ Εθνικής Οδού, Ioanninon, Preveza 481 00, Greece",4.7,1326,38.991994,20.740075,ok
Μουσείο αρχαιολογικού χώρου Ελεύθερνας,Κρήτης,Ρεθύμνου,ChIJjz5vsk0ImxQR5twhB70mnjY,https://www.google.com/maps/place/?q=place_id:ChIJjz5vsk0ImxQR5twhB70mnjY,Eleutherna Archaeological Museum,"Epar.Od. Aggelianon-Elefthernas 123, Eleftherna 740 52, Greece",4.6,1944,35.324095,24.670568,ok
Αρχαιολογικό Μουσείο Ρεθύμνου,Κρήτης,Ρεθύμνου,ChIJEyVxD6F1mxQRJQwO8V86Uk4,https://www.google.com/maps/place/?q=place_id:ChIJEyVxD6F1mxQRJQwO8V86Uk4,Archaeological Museum of Rethymnon,"Αγ. Φραγκίσκου, Rethymno 741 31, Greece",4.4,1061,35.368427,24.474361,ok
Αρχαιολογική Συλλογή Μαρώνειας – Αρχοντικό Ταβανιώτη,Ανατολικής Μακεδονίας – Θράκης,Ροδόπης,ChIJ25gx8NFBnhQRhqAZ5DtXsGg,https://www.google.com/maps/place/?q=place_id:ChIJ25gx8NFBnhQRhqAZ5DtXsGg,Archaeological Collection of Monemvasia,"EO Monemvasias Krokeon 2-31, Monemvasia 230 70, Greece",4.8,124,36.687248,23.055459,ok
Αρχαιολογικό Μουσείο Κομοτηνής,Ανατολικής Μακεδονίας – Θράκης,Ροδόπης,ChIJ-QTzIaHurRQRPouwhOFu04I,https://www.google.com/maps/place/?q=place_id:ChIJ-QTzIaHurRQRPouwhOFu04I,Archaeological Museum,"Simeonidou 4, A, Komotini 691 32, Greece",4.3,255,41.116094,25.399477,ok
Αρχαιολογικό Μουσείο Πυθαγορείου,Βορείου Αιγαίου,Σάμου,ChIJGZdsD_88vBQRXHkLm1ec9ho,https://www.google.com/maps/place/?q=place_id:ChIJGZdsD_88vBQRXHkLm1ec9ho,Archaeological Museum of Pythagoreion,"Samos 831 03, Greece",4.6,951,37.691168,26.940266,ok
Αρχαιολογικό Μουσείο Βαθέος Σάμου,Βορείου Αιγαίου,Σάμου,ChIJF7z6EZsXvBQRNs_u0TfatUk,https://www.google.com/maps/place/?q=place_id:ChIJF7z6EZsXvBQRNs_u0TfatUk,Archaeological Museum of Vathy of Samos,"Gimnasiarchou Κatevaini 24, Samos 831 00, Greece",4.5,1037,37.754584,26.978622,ok
Αρχαιολογικό Μουσείο Αμφιπόλεως,Κεντρικής Μακεδονίας,Σερρών,ChIJkdeVdI88qRQR54WgXkUM69M,https://www.google.com/maps/place/?q=place_id:ChIJkdeVdI88qRQR54WgXkUM69M,Archaeological Museum of Amphipolis,"Amphipolis 620 41, Greece",4.6,1334,40.825177,23.84883,ok
Αρχαιολογική Συλλογή Αταλάντης,Στερεάς Ελλάδας,Φθιώτιδας,ChIJAUxF4oi_oBQREmN835DXSKM,https://www.google.com/maps/place/?q=place_id:ChIJAUxF4oi_oBQREmN835DXSKM,Archaeological Museum of Atalanti,"Velliou 21, Atalanti 352 00, Greece",4.6,154,38.653227,22.997338,ok
Αρχαιολογική Συλλογή Ελάτειας,Στερεάς Ελλάδας,Φθιώτιδας,ChIJSYrYl66ZoBQR8_OGseysoAU,https://www.google.com/maps/place/?q=place_id:ChIJSYrYl66ZoBQR8_OGseysoAU,Archaeological Collection of Elateia,"Karaiskaki 14, Elatia 350 04, Greece",4.7,32,38.628041,22.765792,ok
Αρχαιολογικό Μουσείο Αταλάντης,Στερεάς Ελλάδας,Φθιώτιδας,ChIJAUxF4oi_oBQREmN835DXSKM,https://www.google.com/maps/place/?q=place_id:ChIJAUxF4oi_oBQREmN835DXSKM,Archaeological Museum of Atalanti,"Velliou 21, Atalanti 352 00, Greece",4.6,154,38.653227,22.997338,ok
Αρχαιολογικό Μουσείο Λαμίας,Στερεάς Ελλάδας,Φθιώτιδας,ChIJweTrrAZQXxMRu3Y2_mp6l08,https://www.google.com/maps/place/?q=place_id:ChIJweTrrAZQXxMRu3Y2_mp6l08,Archaeological Museum of Lamia,"Lamia 351 00, Greece",4.6,164,38.904536,22.435162,ok
Βυζαντινό Μουσείο Φθιώτιδας (Υπάτη),Στερεάς Ελλάδας,Φθιώτιδας,ChIJ_Uynl6c4XxMR95VYDlj4jok,https://www.google.com/maps/place/?q=place_id:ChIJ_Uynl6c4XxMR95VYDlj4jok,Byzantine Museum of Phthiotis,"I, Ipati 350 16, Greece",4.8,58,38.871933,22.237127,ok
Αρχαιολογικό Μουσείο Φλώρινας,Δυτικής Μακεδονίας,Φλώρινας,ChIJQUGz_BpBVxMRJSNiX0Pqy04,https://www.google.com/maps/place/?q=place_id:ChIJQUGz_BpBVxMRJSNiX0Pqy04,Archaeological Museum of Florina,"Sidirodromikou Stathmou 3, Florina 531 00, Greece",4.5,190,40.780936,21.413774,ok
Αρχαιολογικό Μουσείο Άμφισσας,Στερεάς Ελλάδας,Φωκίδας,ChIJYWzHUyBxXxMRRbj4f04pw4k,https://www.google.com/maps/place/?q=place_id:ChIJYWzHUyBxXxMRRbj4f04pw4k,Archaeological Museum of Amphissa,"Kechagia 8, Amfissa 331 00, Greece",4.8,140,38.529614,22.375303,ok
Αρχαιολογικό Μουσείο Δελφών,Στερεάς Ελλάδας,Φωκίδας,ChIJM-VvqXp5XxMRfkUS-0S-AGs,https://www.google.com/maps/place/?q=place_id:ChIJM-VvqXp5XxMRfkUS-0S-AGs,Delphi Archaeological Museum,"Delphi 330 54, Greece",4.7,15645,38.480093,22.499595,ok
Μονή Ζυγού Ουρανούπολης,Κεντρικής Μακεδονίας,Χαλκιδικής,ChIJZx1wn7TJqBQRwys6tEgpdW4,https://www.google.com/maps/place/?q=place_id:ChIJZx1wn7TJqBQRwys6tEgpdW4,Monastery of Zygos (Frangokastro),"Ouranoupoli 630 75, Greece",4.5,402,40.316056,24.002956,ok
Μουσείο σπηλαίου Πετραλώνων,Κεντρικής Μακεδονίας,Χαλκιδικής,ChIJX7yRDABvqBQR4nEgrfN769s,https://www.google.com/maps/place/?q=place_id:ChIJX7yRDABvqBQR4nEgrfN769s,Μουσείο Σπήλαιου Πετραλώνων,"Τοπική Κοινότητα Πετραλώνων, Triglia 630 80, Greece",4.8,17,40.372792,23.167839,ok
Αρχαιολογικό Μουσείο Πολυγύρου,Κεντρικής Μακεδονίας,Χαλκιδικής,ChIJL97U2wWLqBQR4WKeTO56m-M,https://www.google.com/maps/place/?q=place_id:ChIJL97U2wWLqBQR4WKeTO56m-M,Archaeological Museum of Polygyros,"Σταδίου 1, Πλατεία Ηρώων, Poligiros 631 00, Greece",4.3,230,40.380684,23.439821,ok
Πύργος Ουρανούπολης - Προσφορίου,Κεντρικής Μακεδονίας,Χαλκιδικής,ChIJq6p63ELIqBQRp69Gl3vXZlA,https://www.google.com/maps/place/?q=place_id:ChIJq6p63ELIqBQRp69Gl3vXZlA,Byzantine Tower of Prosphorion,"Tower Prosforios, Ouranoupoli 630 75, Greece",4.7,2613,40.325005,23.979881,ok
Αρχαιολογικό Μουσείο Χανίων,Κρήτης,Χανίων,ChIJXb9zv9l9nBQR3XqdSJohAqk,https://www.google.com/maps/place/?q=place_id:ChIJXb9zv9l9nBQR3XqdSJohAqk,Archaeological Museum of Chania | Αρχαιολογικό Μουσείο Χανίων,"Skra 15, Chania 731 33, Greece",4.8,2921,35.516765,24.03772,ok
Βυζαντινή και Μεταβυζαντινή Συλλογή Χανίων,Κρήτης,Χανίων,ChIJ-2wCoLx9nBQRbFjIw2WktvY,https://www.google.com/maps/place/?q=place_id:ChIJ-2wCoLx9nBQRbFjIw2WktvY,Byzantine/Post-Byzantine Collection of Chania | Βυζαντινή/Μεταβυζαντινή Συλλογή Χανίων,"Theotokopoulou 78, Chania 731 31, Greece",4.4,160,35.518699,24.015225,ok
Αρχαιολογικό Μουσείο Κισάμου,Κρήτης,Χανίων,ChIJ5fK-5bD2nBQR9xILgNUSjnk,https://www.google.com/maps/place/?q=place_id:ChIJ5fK-5bD2nBQR9xILgNUSjnk,Archaeological Museum of Kissamos | Αρχαιολογικό Μουσείο Κισάμου,"Stratigou Tzanakaki Sq, Kissamos 734 00, Greece",4.4,516,35.495619,23.65442,ok
Νέο Αρχαιολογικό Χανίων,Κρήτης,Χανίων,ChIJXb9zv9l9nBQR3XqdSJohAqk,https://www.google.com/maps/place/?q=place_id:ChIJXb9zv9l9nBQR3XqdSJohAqk,Archaeological Museum of Chania | Αρχαιολογικό Μουσείο Χανίων,"Skra 15, Chania 731 33, Greece",4.8,2921,35.516765,24.03772,ok
Αρχαιολογικό Μουσείο Χίου,Βορείου Αιγαίου,Χίου,ChIJ3fOHkXBluxQRrTv52IzA-hc,https://www.google.com/maps/place/?q=place_id:ChIJ3fOHkXBluxQRrTv52IzA-hc,Archaeological Museum of Chios,"Michalon 10, Chios 821 00, Greece",4.6,235,38.365416,26.139427,ok
Βυζαντινό Μουσείο Χίου (Μετζιτιέ Τζαμί),Βορείου Αιγαίου,Χίου,ChIJZ5qh4NdluxQRFx6C8Vl7LkI,https://www.google.com/maps/place/?q=place_id:ChIJZ5qh4NdluxQRFx6C8Vl7LkI,Byzantine Museum of Chios (Mecidiye Mosque),"Chios 821 00, Greece",4.3,361,38.370664,26.135963,ok
Μουσειακή Συλλογή της Νέας Μονής Χίου,Βορείου Αιγαίου,Χίου,ChIJx_GY4nBnuxQROPSqaWK5LsI,https://www.google.com/maps/place/?q=place_id:ChIJx_GY4nBnuxQROPSqaWK5LsI,Μουσειακή Συλλογή Νέας Μονής Χίου,"Nea Moni of Chios 821 00, Greece",4.8,6,38.37419,26.056129,ok
Παλατάκι Ιουστινιανού,Βορείου Αιγαίου,Χίου,ChIJIR6Ux_RluxQRSXs_iIZscVk,https://www.google.com/maps/place/?q=place_id:ChIJIR6Ux_RluxQRSXs_iIZscVk,Palazzo Giustiniani,"Chios 821 00, Greece",3.5,14,38.37212,26.136404,ok
